Name,Ort,Inhaber,Email,Link
Fahrschule SAFARI,"Ringstraße 48, 5280 Braunau am Inn",DI (FH) Manuel Schwaiger,office@fs-safari.eu,http://www.fs-safari.at/
Fahrschule Euroline,"Ehrenreiterweg 4, 4150 Rohrbach-Berg","DI Thomas Leitner, MLBT",office@fahrschule-euroline.at,https://www.fahrschule-euroline.at
ABS Fahrschule Mayr,"Am Brauteich 2, 4560 Kirchdorf",Daniel Mayr,fahrschule@abs-club.at,https://absfahrschule.at
startup®-fahrschule doppler,"Hauptstraße 77, 4040 Linz-Urfahr",Christian Doppler,office@startup-doppler.at,https://www.startup-doppler.at/
Fahrschule Easy Rieder,"Friedrich Thurnerstraße 7, 4910 Ried Im Innkreis",Harald Rieder,office@easy-rieder.at,https://easy-rieder.at/
Fahrschule Donauland Neuhofen an der Krems,"Kirchengasse 8, 4501 Neuhofen an der Krems",Ing. Mag. Werner Hackl,neuhofen@donauland.com,https://www.donauland.com/
Fahrschule Burgstaller Ried,"Friedrich-Thurner-Straße 10, 4910 Ried im Innkreis",Ingrid & Johannes Burgstaller,ried@fahrschule-burgstaller.at,https://www.fahrschule-burgstaller.at/
Fahrschule YO-YO,"Rainerstraße 8, 4910 Ried Im Innkreis",Joachim Maung,office@yo-yo.at,https://www.yo-yo.at/
Fahrschule Rastl,"Viktor Kaplan-Straße 2, 5310 Mondsee",Christian Rastl,officemondsee@fahrschulerastl.at,https://www.fahrschulerastl.at/
Fahrschule Easy Drivers Steyr,"Leopold-Werndl-Straße 25/8b, 4400 Steyr",Ing. Helmut Delfauro,office@easy2drive.at,https://www.easydrivers.at/steyr/
Fahrschule Moritz am Schillerpark,"Landstraße 83, 4020 Linz",Daniel Moritz,fahrschule@moritz.at,https://www.moritz.at/
Fahrschule Steininger,"Waidhofnerstraße 1, 3335 Weyer",Ing. Karl Steininger,weyer@fahrschule-steininger.at,https://fahrschule-steininger.at/
Fahrschule Burgstaller Schärding,"Alfred-Kubin-Straße 6, 4780 Schärding",Ingrid & Johannes Burgstaller,schaerding@fahrschule-burgstaller.at,https://www.fahrschule-burgstaller.at/
Fahrschule fairdrive Leonding,"Ruflinger Straße 17, 4060 Leonding",M. Schüttengruber,leonding@fairdrive.at,https://www.fairdrive.at/
Fahrschule Gottfried,"Dirnbergerstraße 5, 4320 Perg",Ing. Gottfried Kloibhofer,office@fahrschule-gottfried.at,https://www.fahrschule-gottfried.at/
Fahrschule Donauland Freistadt,"Promenade 9, 4240 Freistadt",Ing. Mag. Werner Hackl,freistadt@donauland.com,https://www.donauland.com/
Fahrschule Hammerl,"Johann-Georg-Hartwagner Straße 23/25, 4910 Ried Im Innkreis",Margit Hammerl,office@fahrschule-hammerl.at,https://fahrschule-hammerl.at/
Fahrschule fairdrive Linz,"Ramsauerstraße 78, 4030 Linz",M. Schüttengruber,linz@fairdrive.at,https://www.fairdrive.at/
Fahrschule Mayr,"Gaisbacherstraße 22, 4210 Gallneukirchen",Karl Mayr,office@fahrschule-mayr.at,https://www.fahrschule-mayr.at/
Fahrschule Haas,"Herbert-Fladerer Straße 21, 4792 Münzkirchen",Heinz Jürgen Dudek,office@fahrschule-haas.at,https://fahrschule-haas.at/
A-Team die Fahrschule,"Salzburgerstraße 48, 4650 Lambach",Arben Hallac,office@ateam-fahrschule.at,https://www.ateam-fahrschule.at/
Fahrschule Kern,"Salzburgerstraße 1a, 5230 Mattighofen",Franz Kern,info@fahrschule-kern.at,https://www.fahrschule-kern.at/
Fahrschule Clarissa,"Denisgasse 10, 4780 Schärding",Clarissa Thann,info@fahrschule-clarissa.at,http://www.fahrschule-clarissa.at/
Fahrschule Hans Burgstaller Altheim,"Wiesnerstraße 4, 4950 Altheim Im Innkreis",Hans Burgstaller,office@fahrschule-burgstaller.at,https://www.fahrschule-burgstaller.at/
Fahrschule Donauland Linz,"Blumauerstraße 21, 4020 Linz",Ing. Mag. Werner Hackl,linz@donauland.com,https://www.donauland.com/
Fahrschule Max Trenks,"Adlerhof 22, 4600 Wels",Max Trenks,info@maxtrenks.at,https://www.maxtrenks.at/
Fahrschule Lipa,"Linzerstraße 67, 4840 Vöcklabruck",Ing. Stefan Krejci,fahrschule@lipa.at,https://www.lipa.at/
Fahrschule Auböck,"Linzer Straße 43, 4240 Freistadt",Ing. Franz Auböck,office@ps-academy.at,https://www.ps-academy.at/
Fahrschule Donauland Pregarten,"Stadtplatz 1, 4230 Pregarten",Ing. Mag. Werner Hackl,pregarten@donauland.com,https://www.donauland.com/
Fahrschule Burgstaller Andorf,"Schwanthalerstraße 2, 4770 Andorf",Ingrid & Johannes Burgstaller,andorf@fahrschule-burgstaller.at,https://www.fahrschule-burgstaller.at/
Fahrschule Snopek,"Haidfeldstraße 33, 4060 Leonding",Harald Snopek,office@fahrschule-snopek.at,http://www.fahrschule-snopek.at/
Fahrschule Mandlmayr,"Mitterweg 22, 4550 Kremsmünster",Mandlmayr,fahrschule@mandlmayr.at,https://www.mandlmayr.at/
Fahrschule Easy Drivers Enns,"Linzer Straße 2, 4470 Enns",,enns@easydrivers.at,https://www.easydrivers.at/enns/
Fahrschule Staudinger,"Sengsschmiedstraße 8, 4560 Kirchdorf",Lars Staudinger,kirchdorf@fahrschule-staudinger.at,http://www.fahrschule-staudinger.at
Fahrschule Easy Drivers Leonding,"Haidfeldstraße 33, 4060 Leonding",Harald Snopek,leonding@easydrivers.at,https://www.easydrivers.at/leonding/
Fahrschule Scharinger,"Gewerbegebiet 2, 5121 Ostermiething",Ferdinand Scharinger,fahrschule-scharinger@aon.at,http://www.fahrschule-scharinger.at
startup®-fahrschule doppler,"Hauptstraße 77, 4040 Linz-Urfahr",Christian Doppler,office@startup-doppler.at,https://www.startup-doppler.at/
Fahrschule Daniel Moritz,"Landstraße 83, 4020 Linz",Daniel Moritz,fahrschule@moritz.at,https://www.moritz.at/
Fahrschule Gruber,"Max-Hirschenauer-Straße 8, 4780 Schärding",Gerald Gruber,info@fahrschule-gruber.at,https://www.fahrschule-gruber.at/
WM-Fahrschule,"Grünbachstraße 2, 4600 Wels",Dragan Nedeljkovic,office@wm-fahrschule.at,https://www.wm-fahrschule.at/
Fahrschule Charly,"Linzer Str. 16, 4100 Ottensheim",Charly Thann,info@fahrschule-charly.at,https://www.fahrschule-charly.at/
Fahrschule Aschauer,"Doktor-Groß-Straße 34, 4600 Wels",Reinhard Aschauer,office@fahrschule-aschauer.at,https://fahrschule-aschauer.at/
Fahrschule Staudinger,"Sengsschmiedstraße 8, 4560 Kirchdorf",Lars Staudinger,kirchdorf@fahrschule-staudinger.at,http://www.fahrschule-staudinger.at
Fahrschule Lindauer,"Landstraße 76, 4020 Linz",Lindauer,buero@fahrschule-lindauer.at,https://fahrschule-lindauer.at/
Fahrschule Franz Kern,"Salzburgerstraße 1a, 5230 Mattighofen",Franz Kern,info@fahrschule-kern.at,https://www.fahrschule-kern.at/
Fahrschule Hausherr,"Kuferzeile 49, 4810 Gmunden",Norbert Hausherr,fahrschule@hausherr.at,http://www.hausherr.at
Fahrschule Rastl,"Viktor Kaplan-Straße 2, 5310 Mondsee",Christian Rastl,officemondsee@fahrschulerastl.at,https://www.fahrschulerastl.at/
Foahrschui Yurdi,"Mühlkreisbahnstraße 7, 4100 Ottensheim",Yurdi Altun,office@foahrschui-yurdi.at,https://www.foahrschui-yurdi.at/
Fahrschule Noha,"Goethestraße 13, 4020 Linz",Michael Schönbaß,team@fahrschule-noha.at,http://www.fahrschule-noha.at/
Fahrschule Grubhofer-Linz,"Ramsauerstraße 78, 4030 Linz",Rothbauer,fahrschule-grubhofer@aon.at,https://www.fahrschule-grubhofer.at/
Fahrschule Grubhofer-Enns,"Stadlgasse 4, 4470 Enns",Rothbauer,fahrschule-grubhofer@aon.at,https://www.fahrschule-grubhofer.at/
Fahrschule Hausherr,"Kuferzeile 49, 4810 Gmunden",Norbert Hausherr,fahrschule@hausherr.at,http://www.hausherr.at
Fahrschule Easy Drivers Sankt Georgen an der Gusen,"Gewerbestraße 5, 4222 St. Georgen/Gusen",,st-georgen@easydrivers.at,https://www.easydrivers.at/st-georgen-an-der-gusen/
Fahrschule Pichler,"Veldner Straße 57, 4120 Neufelden",Pichler,neufelden@einfacherzumschein.at,https://www.einfacherzumschein.at/
Fahrschule Perfekt,"Siegfried-Marcus Strasse 5, 4070 Eferding",,fahrschule.perfekt@aon.at,http://www.fahrschule-perfekt.net/
Fahrschule Lenkwerk,"Salzburger Str. 20, 4820 Bad Ischl",,,https://www.fahrschule-lenkwerk.at/
Fahrschule Höglinger,"Salzburger Straße 14, 4840 Vöcklabruck",Höglinger,voecklabruck@drive-hoeglinger.at,https://www.hoeglinger-voecklabruck.at/
Fahrschule Börni,"Adalbert-Stifter-Straße 20, 4053 Haid",Börni,fahrschule@boerni.at,https://www.boerni.at/
Fahrschule Steininger,"Waidhofnerstraße 1, 3335 Weyer",Ing. Karl Steininger,weyer@fahrschule-steininger.at,https://fahrschule-steininger.at/
Fahrschule Oliver,"Grünbachstraße 2, 4600 Wels",Dragan Nedeljkovic,office@fahrschule-oliver.at,http://www.fahrschule-oliver.at/
Fahrschule Auböck,"Linzer Straße 43, 4240 Freistadt",Ing. Franz Auböck,office@ps-academy.at,https://www.ps-academy.at/
Fahrschule Speed,"Schlosserstraße 2, 4240 Freistadt",,office@fahrschule-speed.at,https://www.fahrschule-speed.at/
Fahrschule Stoiber,"Kirchenplatz 3, 4770 Andorf",Stoiber,office@fahrschule-stoiber.at,https://www.fahrschule-stoiber.at/
Fahrschule Aschauer,"Doktor-Groß-Straße 34, 4600 Wels",Reinhard Aschauer,office@fahrschule-aschauer.at,https://fahrschule-aschauer.at/
Hörtis Fahrschule Vöcklabruck,"Linzerstraße 67, 4840 Vöcklabruck",Hörtner,fahrschule@hoerti.at,https://www.hoerti.at/
Fahrschule Stumpfl,"Bahnhofstraße 33, 4910 Ried im Innkreis",Stumpfl,ried@fahrschule-stumpfl.at,https://www.fahrschule-stumpfl.at/
Fahrschule Easy Drivers Linz-Ebelsberg,"Hofmannsthalweg 1, 4030 Linz",,ebelsberg@easydrivers.at,https://www.easydrivers.at/linz-ebelsberg/
Fahrschule Burgstaller,"Alfred-Kubin-Straße 6, 4780 Schärding",Ingrid & Johannes Burgstaller,schaerding@fahrschule-burgstaller.at,https://www.fahrschule-burgstaller.at/
Fahrschule My Friends,"Hostauerstraße 87, 4100 Ottensheim",,info@fahrschule-myfriends.at,https://www.fahrschule-myfriends.at/
Fahrschule Easy Drivers Perg,"Linzer Straße 11, 4320 Perg",,perg@easydrivers.at,https://www.easydrivers.at/perg/
Fahrschule DI Adolf Nefischer,"Dirnbergerstraße 42, 4320 Perg",Adolf Nefischer,a.nefischer@aon.at,http://fahrschule-nefischer.at/
Fahrschule Alkoven,"Hochfeldstraße 1, 4072 Alkoven",Florian Köberl,info@fahrschule-alkoven.at,https://www.fahrschule-alkoven.at/
Fahrschule Pichler,"Veldner Straße 57, 4120 Neufelden",Pichler,neufelden@einfacherzumschein.at,https://www.einfacherzumschein.at/
Fahrschule Burgstaller,"Schwanthalerstraße 2, 4770 Andorf",Ingrid & Johannes Burgstaller,andorf@fahrschule-burgstaller.at,https://www.fahrschule-burgstaller.at/
Fahrschule KURT,"Sparkassenplatz 2, 4210 Gallneukirchen",Kurt Pichler,office@fahrschule-pichler.at,https://www.einfacherzumschein.at/
Fahrschule Aschauer,"Doktor-Groß-Straße 34, 4600 Wels",Reinhard Aschauer,office@fahrschule-aschauer.at,https://fahrschule-aschauer.at/
Fahrschule DI Adolf Nefischer,"Dirnbergerstraße 42, 4320 Perg",Adolf Nefischer,a.nefischer@aon.at,http://fahrschule-nefischer.at/